<?xml version="1.0" encoding="utf-8"?>
<wsdl:definitions targetNamespace="urn:sap-com:document:sap:rfc:functions" xmlns:wsdl="http://schemas.xmlsoap.org/wsdl/" xmlns:xsd="http://www.w3.org/2001/XMLSchema" xmlns:soap="http://schemas.xmlsoap.org/wsdl/soap/" xmlns:wsoap12="http://schemas.xmlsoap.org/wsdl/soap12/" xmlns:http="http://schemas.xmlsoap.org/wsdl/http/" xmlns:mime="http://schemas.xmlsoap.org/wsdl/mime/" xmlns:tns="urn:sap-com:document:sap:rfc:functions" xmlns:wsp="http://schemas.xmlsoap.org/ws/2004/09/policy" xmlns:wsu="http://docs.oasis-open.org/wss/2004/01/oasis-200401-wss-wssecurity-utility-1.0.xsd">
 <wsdl:documentation>
  <sidl:sidl xmlns:sidl="http://www.sap.com/2007/03/sidl"/>
 </wsdl:documentation>
 <wsp:UsingPolicy wsdl:required="true"/>
 <wsp:Policy wsu:Id="IF_IF_ZRFC_BIG">
  <sapsession:Session xmlns:sapsession="http://www.sap.com/webas/630/soap/features/session/">
   <sapsession:enableSession>false</sapsession:enableSession>
  </sapsession:Session>
 </wsp:Policy>
 <wsp:Policy wsu:Id="OP_IF_OP_Z_RFC_TEST_BIG_DATA">
  <sapblock:enableBlocking xmlns:sapblock="http://www.sap.com/NW05/soap/features/blocking/">true</sapblock:enableBlocking>
  <sapcomhnd:enableCommit xmlns:sapcomhnd="http://www.sap.com/NW05/soap/features/commit/">false</sapcomhnd:enableCommit>
  <saptrhnw05:required xmlns:saptrhnw05="http://www.sap.com/NW05/soap/features/transaction/">no</saptrhnw05:required>
  <saprmnw05:enableWSRM xmlns:saprmnw05="http://www.sap.com/NW05/soap/features/wsrm/">false</saprmnw05:enableWSRM>
 </wsp:Policy>
 <wsdl:types>
  <xsd:schema attributeFormDefault="qualified" targetNamespace="urn:sap-com:document:sap:rfc:functions">
   <xsd:simpleType name="char10">
    <xsd:restriction base="xsd:string">
     <xsd:maxLength value="10"/>
    </xsd:restriction>
   </xsd:simpleType>
   <xsd:simpleType name="string">
    <xsd:restriction base="xsd:string"/>
   </xsd:simpleType>
   <xsd:element name="Z_RFC_TEST_BIG_DATA">
    <xsd:complexType>
     <xsd:sequence>
      <xsd:element name="IM_INPUT" type="tns:char10"/>
     </xsd:sequence>
    </xsd:complexType>
   </xsd:element>
   <xsd:element name="Z_RFC_TEST_BIG_DATAResponse">
    <xsd:complexType>
     <xsd:sequence>
      <xsd:element name="EX_OUTPUT" type="tns:string"/>
     </xsd:sequence>
    </xsd:complexType>
   </xsd:element>
  </xsd:schema>
 </wsdl:types>
 <wsdl:message name="Z_RFC_TEST_BIG_DATA">
  <wsdl:part name="parameters" element="tns:Z_RFC_TEST_BIG_DATA"/>
 </wsdl:message>
 <wsdl:message name="Z_RFC_TEST_BIG_DATAResponse">
  <wsdl:part name="parameter" element="tns:Z_RFC_TEST_BIG_DATAResponse"/>
 </wsdl:message>
 <wsdl:portType name="ZRFC_BIG">
  <wsp:Policy>
   <wsp:PolicyReference URI="#IF_IF_ZRFC_BIG"/>
  </wsp:Policy>
  <wsdl:operation name="Z_RFC_TEST_BIG_DATA">
   <wsp:Policy>
    <wsp:PolicyReference URI="#OP_IF_OP_Z_RFC_TEST_BIG_DATA"/>
   </wsp:Policy>
   <wsdl:input message="tns:Z_RFC_TEST_BIG_DATA"/>
   <wsdl:output message="tns:Z_RFC_TEST_BIG_DATAResponse"/>
  </wsdl:operation>
 </wsdl:portType>
</wsdl:definitions>
